company_name,ticker,sector,industry,peer_group,business_summary,monitoring_theme,source_url,aliases
Reliance Industries,RELIANCE.NS,Energy & Diversified,Conglomerate,Reliance / diversified peers,"Diversified group across energy, consumer, retail, digital services and new energy.","Capex cycle, consumer growth, digital monetisation, energy margins and leverage.",https://www.ril.com/,Reliance Industries|Reliance|RIL
Tata Consultancy Services,TCS.NS,Information Technology,IT Services,TCS Infosys HCLTech Wipro,Large global technology-services and consulting provider.,"Deal pipeline, BFSI exposure, margin resilience, hiring and AI-led productivity.",https://www.tcs.com/investor-relations,Tata Consultancy Services|TCS
HDFC Bank,HDFCBANK.NS,Financials,Private Banks,HDFC Bank ICICI Bank Axis Bank Kotak,"Large private-sector bank serving retail, SME and corporate customers.","Deposit growth, credit growth, asset quality, NIMs and integration execution.",https://www.hdfc.bank.in/about-us/investor-relations,HDFC Bank|HDFC
ICICI Bank,ICICIBANK.NS,Financials,Private Banks,ICICI Bank HDFC Bank Axis Bank,"Universal bank with retail, corporate and digital franchises.","Loan growth, asset quality, NIMs, efficiency and digital adoption.",https://www.icicibank.com/about-us/investor-relations,ICICI Bank|ICICI
Infosys,INFY.NS,Information Technology,IT Services,Infosys TCS HCLTech Wipro,Global digital-services and consulting company.,"Large deals, margin resilience, hiring trends, AI services and geography mix.",https://www.infosys.com/investors.html,Infosys|INFY
ITC,ITC.NS,Consumer & FMCG,Consumer Staples,ITC HUL Nestle India,"Diversified consumer-goods company spanning cigarettes, FMCG, hotels and paperboards.","Volume growth, premiumisation, input costs and non-cigarette portfolio growth.",https://itcportal.com/about-itc/investor-relations.aspx,ITC Limited|ITC
Larsen & Toubro,LT.NS,Industrials,Engineering & Construction,L&T Siemens ABB,"Engineering, construction and infrastructure major with multiple industrial businesses.","Order inflow, execution, working capital, margins and international projects.",https://www.larsentoubro.com/investors/,Larsen & Toubro|Larsen Toubro|L&T
Bharti Airtel,BHARTIARTL.NS,Telecom,Telecom Services,Bharti Airtel Vodafone Idea,"Integrated telecom operator spanning mobile, broadband and enterprise services.","ARPU, subscriber mix, network capex, spectrum costs and free-cash-flow conversion.",https://www.airtel.com/investors,Bharti Airtel|Airtel
State Bank of India,SBIN.NS,Financials,Public Banks,SBI Bank of Baroda PNB,"Large public-sector banking group with retail, corporate and treasury operations.","Credit growth, asset quality, margins, capital adequacy and deposit franchise.",https://sbi.co.in/web/investor-relations,State Bank of India|SBI
Axis Bank,AXISBANK.NS,Financials,Private Banks,Axis Bank ICICI Bank HDFC Bank,"Private-sector bank across retail, SME and corporate banking.","Loan mix, asset quality, fee income, cost discipline and productivity.",https://www.axisbank.com/shareholders-corner,Axis Bank|Axis
Hindustan Unilever,HINDUNILVR.NS,Consumer & FMCG,Consumer Staples,HUL ITC Nestle India,"Consumer staples leader across home care, beauty, foods and personal care.","Volume recovery, rural demand, input costs and premiumisation.",https://www.hul.co.in/investors/,Hindustan Unilever|HUL
Kotak Mahindra Bank,KOTAKBANK.NS,Financials,Private Banks,Kotak Bank Axis Bank ICICI Bank,"Financial services group with banking, securities and wealth franchises.","Deposit franchise, credit costs, NIMs and operating leverage.",https://www.kotak.com/en/investor-relations.html,Kotak Mahindra Bank|Kotak Bank|Kotak
Maruti Suzuki,MARUTI.NS,Automotive,Passenger Vehicles,Maruti Suzuki Tata Motors M&M,India-focused passenger vehicle manufacturer with a wide distribution network.,"Volume growth, product mix, commodity costs, exports and EV transition.",https://www.marutisuzuki.com/corporate/investors,Maruti Suzuki
Mahindra & Mahindra,M&M.NS,Automotive,Auto & Farm,M&M Tata Motors Maruti Suzuki,Automotive and farm-equipment group with strong SUV and tractor franchises.,"SUV demand, tractor cycle, margins, new launches and capital allocation.",https://www.mahindra.com/investor-relations,Mahindra & Mahindra|Mahindra|M&M
Sun Pharmaceutical,SUNPHARMA.NS,Healthcare,Pharmaceuticals,Sun Pharma Cipla Dr Reddys,Pharmaceutical major with India formulations and global specialty businesses.,"Specialty growth, launches, regulatory risk, pricing and margins.",https://www.sunpharma.com/investors,Sun Pharmaceutical
Titan Company,TITAN.NS,Consumer & FMCG,Consumer Discretionary,Titan Trent Asian Paints,"Consumer company spanning jewellery, watches and eyewear.","Store additions, jewellery demand, gold prices, mix and margins.",https://www.titancompany.in/investors,Titan Company|Titan
NTPC,NTPC.NS,Utilities,Power Generation,NTPC Power Grid,Large power-generation utility expanding into renewables.,"Plant availability, renewable capex, fuel costs and financing.",https://www.ntpc.co.in/investors,NTPC Limited|NTPC
Power Grid Corporation,POWERGRID.NS,Utilities,Power Transmission,Power Grid NTPC,National power-transmission utility with a regulated asset base.,"Transmission capex, project execution, regulated returns and borrowing.",https://www.powergrid.in/investors,Power Grid Corporation|Power Grid|PGCIL
Tata Steel,TATASTEEL.NS,Materials,Steel,Tata Steel JSW Steel,Integrated steel producer with India and international operations.,"Steel spreads, raw materials, debt reduction and international exposure.",https://www.tatasteel.com/investors/,Tata Steel Limited|Tata Steel
Adani Ports,ADANIPORTS.NS,Industrials,Ports & Logistics,Adani Ports,Integrated port and logistics platform with a large Indian network.,"Cargo growth, tariffs, capacity utilisation, capex and leverage.",https://www.adaniports.com/investors,Adani Ports & SEZ|Adani Ports|APSEZ
Bajaj Finance,BAJFINANCE.NS,Financials,NBFC,Bajaj Finance Shriram Finance Cholamandalam,"Diversified retail lending platform with consumer, SME and commercial credit.","AUM growth, credit costs, asset quality, funding mix and cross-sell.",https://www.bajajfinserv.in/corporate-bajaj-finance-investor-relations,Bajaj Finserv Finance|Bajaj Finance
Asian Paints,ASIANPAINT.NS,Consumer & FMCG,Paints,Asian Paints Berger Kansai Nerolac,Decorative and industrial paints company with a leading domestic franchise.,"Volume growth, raw-material costs, competitive intensity and premium mix.",https://www.asianpaints.com/more/investors.html,Asian Paints Limited|Asian Paints
Wipro,WIPRO.NS,Information Technology,IT Services,Wipro TCS Infosys HCLTech,"Global IT-services provider across cloud, consulting and digital operations.","Deal wins, discretionary spending, margin movement, attrition and AI adoption.",https://www.wipro.com/investors/,Wipro Limited|Wipro
Tata Motors Passenger Vehicles,TMPV.NS,Automotive,Passenger Vehicles,TMPV Maruti Suzuki M&M,Passenger-vehicle business of the Tata Motors group following the 2025 demerger.,"PV volumes, EV adoption, product launches, pricing, margins and JLR performance.",https://www.tatamotors.com/,Tata Motors Passenger Vehicles|Tata Motors PV|TMPV|Tata PV
Tata Motors Commercial Vehicles,TMCV.NS,Automotive,Commercial Vehicles,TMCV Ashok Leyland Eicher Motors,Commercial-vehicle business operating as Tata Motors Commercial Vehicles following the 2025 demerger.,"CV volumes, market share, freight cycle, commodity costs, margins and capacity utilisation.",https://cv.tatamotors.com/,Tata Motors Commercial Vehicles|Tata Motors CV|TMCV|Tata CV
