ticker,as_of_date,fiscal_period,revenue,net_income,revenue_growth_pct,profit_growth_pct,net_margin_pct,debt_equity,roe_pct,source
RELIANCE.NS,2026-03-31,2026-03-31,10572190000000.0,807750000000.0,9.59123783421254,15.976050999310809,7.64032806826211,0.44025087663020035,8.934991095428249,Yahoo Finance public data interface via yfinance
TCS.NS,2026-03-31,2026-03-31,2670210000000.0,492100000000.0,4.581237956478823,1.3531604638230332,18.42926211796076,0.10521260723610593,45.887728459530024,Yahoo Finance public data interface via yfinance
HDFCBANK.NS,2026-03-31,2026-03-31,1925667800000.0,704793400000.0,4.733207584666732,4.6450949453778145,36.59994730139851,,8.629353033909611,Yahoo Finance public data interface via yfinance
ICICIBANK.NS,2026-03-31,2026-03-31,2234071181000.0,542077028000.0,9.130659855140056,6.228801510304027,24.26408937236096,,14.93076646637024,Yahoo Finance public data interface via yfinance
INFY.NS,2026-03-31,2026-03-31,20158000000.0,3313000000.0,4.570213207449303,4.9081697276757374,16.435162218474055,0.0988146331493971,33.85448600040875,Yahoo Finance public data interface via yfinance
ITC.NS,2026-03-31,2026-03-31,782132800000.0,206894700000.0,4.768655968682967,-40.45618236934057,26.452630550719775,0.033091288739202813,28.534326888465024,Yahoo Finance public data interface via yfinance
LT.NS,2026-03-31,2026-03-31,2842251900000.0,160839900000.0,11.807835807318124,6.96197607119986,5.658889699396454,1.1482959983456829,14.716826272900125,Yahoo Finance public data interface via yfinance
BHARTIARTL.NS,2026-03-31,2026-03-31,2109728000000.0,266952000000.0,21.96002895045357,-20.44605898778463,12.653384701724582,1.3109899192655676,17.90943842808705,Yahoo Finance public data interface via yfinance
SBIN.NS,2026-03-31,2026-03-31,3817091770000.0,832987824000.0,9.208470724271557,7.397300658448813,21.822577873206335,,13.97323753487878,Yahoo Finance public data interface via yfinance
AXISBANK.NS,2026-03-31,2026-03-31,880673100000.0,263848500000.0,4.014464440245846,-5.953496528796354,29.959868196269422,,12.270005838574912,Yahoo Finance public data interface via yfinance
HINDUNILVR.NS,2026-03-31,2026-03-31,637630000000.0,150400000000.0,5.266372806365882,41.233918677810124,23.58734689396672,0.030325413435101974,30.858878082810126,Yahoo Finance public data interface via yfinance
KOTAKBANK.NS,2026-03-31,2026-03-31,757885305000.0,192878925000.0,-0.2578522041206788,-12.82698142894313,25.449619319377092,,10.64301272451493,Yahoo Finance public data interface via yfinance
MARUTI.NS,2026-03-31,2026-03-31,1770941000000.0,146795000000.0,20.089361396256567,1.2365346684873213,8.289096022961804,0.0009565466519467357,13.699147880245958,Yahoo Finance public data interface via yfinance
M&M.NS,2026-03-31,2026-03-31,1930979500000.0,170988500000.0,24.062852925941968,32.25089140002011,8.855013737846518,1.4389731713434522,18.366831782341627,Yahoo Finance public data interface via yfinance
SUNPHARMA.NS,2026-03-31,2026-03-31,582201100000.0,114794200000.0,11.873004587706859,5.035940942662842,19.717276384397074,0.05537052790059219,13.736278134916452,Yahoo Finance public data interface via yfinance
TITAN.NS,2026-03-31,2026-03-31,873050000000.0,50730000000.0,44.78921357258947,52.02277494755769,5.810663764961915,1.9500095523148444,32.30592880341336,Yahoo Finance public data interface via yfinance
NTPC.NS,2026-03-31,2026-03-31,1840152700000.0,270525200000.0,-1.197865728840175,15.49820129909496,14.701236478907429,1.3338436634662014,13.31484227417584,Yahoo Finance public data interface via yfinance
POWERGRID.NS,2026-03-31,2026-03-31,447654300000.0,159279500000.0,1.5712823203000825,2.6190224618334312,35.58091589871917,1.5081303834665603,15.849647984064328,Yahoo Finance public data interface via yfinance
TATASTEEL.NS,2026-03-31,2026-03-31,2302934700000.0,107938700000.0,6.204158958422634,215.56317625149467,4.6870065399596434,0.9042165499549025,10.564860794977667,Yahoo Finance public data interface via yfinance
ADANIPORTS.NS,2026-03-31,2026-03-31,387357700000.0,128062100000.0,27.10533405216613,15.45124505175206,33.0604245120208,0.6578513669138094,13.32241355813714,Yahoo Finance public data interface via yfinance
BAJFINANCE.NS,2026-03-31,2026-03-31,496654500000.0,190173900000.0,19.734727240422224,14.302174203110752,38.290984980504554,,16.682064459852374,Yahoo Finance public data interface via yfinance
ASIANPAINT.NS,2026-03-31,2026-03-31,355409000000.0,43253500000.0,5.10341955991942,17.945970119136234,12.170063222934703,0.18383891886378131,20.238784292605278,Yahoo Finance public data interface via yfinance
WIPRO.NS,2026-03-31,2026-03-31,926240000000.0,131974000000.0,3.968642382173204,0.47200694306988034,14.248358956641907,0.2291815380723044,14.906118133928492,Yahoo Finance public data interface via yfinance
TMPV.NS,2026-03-31,2026-03-31,3333830000000.0,823900000000.0,-8.281749503419666,196.0474308300395,24.713317715660367,0.7263001035085841,73.51786415390656,Yahoo Finance public data interface via yfinance
TMCV.NS,2026-03-31,2026-03-31,833900000000.0,30300000000.0,44.303315567245804,-5.164319248826288,3.633529200143902,0.44094550023558976,23.794565729542956,Yahoo Finance public data interface via yfinance
TATAMOTORS.NS,2026-10-02,2026-10-02,112936.17581229364,8470.570183996615,9.59108464782812,17.433707161531984,7.500316106041331,1.0491829547633158,12.201712821169568,DEMO SEED DATA - replace via ETL
